{
  "test_targets": 
["00010","00011","00012","00013","00014","00015","00016","00018","00019","0000B"],

  "selection_targets":
["0000F","00030","00031","00032","00052","00053","00054","0000C","0000D","0000E"],


  "train_targets":
["00036","00037","00038","00039","0003A","0003B","0003C","0001A","0001B","0001C",
"0001D","0001E","0001F","00020","00021","00022","00023","00024","00025","0003D",
"0003E","0003F","00040","00041","00042","00043","00044","00045","00046","00047",
"00048","00049","0004A","0004B","0004C","0004D","0004E","0004F","00050","00051",
"00033","00034","00035"],


  "directory": "0064/",
  "poi": "S1",
  "search_size": [30,20,20],
  "nbr_of_filters": 5000,
  "selected_filters": 300,
  "patch_size": 7,

  "nbr_of_trees_select": 50,
  "nbr_of_trees": 50,
  "max_features_select": 2000,
  "max_features": 200,
  "bootstrap": true,
  "extension": 3,

   "mean_dev_lf": [ 1.20512821,  1.97435897,  1.25641026],
   "mean_std_lf": [ 0.93861565,  1.32987718,  1.19223876],

   "mean_dev": [2.34042553,  3.85106383,  2.19148936],
   "mean_std": [2.51190015,  3.20888874,  1.72143307]

}
