{
  "test_targets": 
["0001C","0001D","0001E","0001F","00020","00021","00022","00023","00024"],

  "selection_targets":
["0000F","00030","00031","00032","00052","00053","00054","00050","00051"],


  "train_targets":
["00010","00011","00012","00013","00014","00015","00016","00018","00019",
"0000B","0000C","0000D","0000E","0003A","0003B","0003C","0001A","0001B",
"00025","0003D","0003E","0003F","00033","00034","00035","00036","00037",
"00038","00039","00040","00041","00042","00043","00044","00045","00046",
"00047","00048","00049","0004A","0004B","0004C","0004D","0004E","0004F"],


  "directory": "0064/",
  "poi": "S1",
  "search_size": [22,22,22],
  "nbr_of_filters": 10000,
  "selected_filters": 200,
  "patch_size": 7,

  "nbr_of_trees_select": 50,
  "nbr_of_trees": 50,
  "max_features_select": 1000,
  "max_features": 100,
  "bootstrap": true,
  "extension": 3,

   "mean_dev_lf": [ 1.20512821,  1.97435897,  1.25641026],
   "mean_std_lf": [ 0.93861565,  1.32987718,  1.19223876],

   "mean_dev": [0, 0, 0],
   "mean_std": [7.9951211792962278, 9.0559172426420051, 5.1655986029923122]

}
