{
  "test_targets": 
["00010","00011","00012","00013","00014","00015","00016","00018","00019"],

  "directory": "0064/",
  "poi_list": ["S1","L5","L4","L3","L2","L1","T12","T11","T10","T9"],
  "search_size": [22,22,22],
  "selected_filters": 200,
  "patch_size": 7,

  "vectors":[[-36.836035662622905, 24.527422357112805, -0.55779665581723481],
 [-35.922162073098939, 2.4083386583531157, -0.039179624395167575],
 [-36.326124999316825, -3.8100721125907087, 0.96694531339280154],
 [-34.795591430906633, -7.8516734052211676, -0.081448935447855197],
 [-32.988777130392975, -8.0378436281325971, 0.29825228833137674],
 [-31.755978362047777, -7.1924788647509637, 0.03657021421067258],
 [-29.204915661108412, -4.6371538892705386, 0.28091702055423817],
 [-27.036933512500138, -3.2950207426192915, -0.085486320739096788],
 [-24.635255042947769, -2.6322647916509752, -0.29279118903139806]]

}
