{
  "test_targets": ["00092"],

  "selection_targets": ["0018A"],

  "train_targets": ["00002"],

  "directory": "0030/",
  "poi": "RightFemur",
  "search_size": [25,25,25],
  "nbr_of_filters": 100,
  "selected_filters": 20,
  "patch_size": 7,

  "nbr_of_trees_select": 50,
  "nbr_of_trees": 50,
  "max_features_select": 50,
  "max_features": 10,
  "bootstrap": true,
  "extension": 3,

   "mean_dev_lf": [ 1.20512821,  1.97435897,  1.25641026],
   "mean_std_lf": [ 0.93861565,  1.32987718,  1.19223876],

   "mean_dev": [2.34042553,  3.85106383,  2.19148936],
   "mean_std": [2.51190015,  3.20888874,  1.72143307]
}
